<?xml version="1.0" encoding="UTF-8"?>
<CUSTOMCARVER><DATACARVER version="0.0.0.0"><ID>77119</ID><TYPE>2</TYPE><NAME>GEnealogical Data COMmunication (GEDCOM) file</NAME><EXT><EXT_ID>0</EXT_ID><EXT_NAME>GED</EXT_NAME></EXT><MAIN_SIG><OFFSET>0</OFFSET><NUM_BYTES>6</NUM_BYTES><SIG>302048454144</SIG></MAIN_SIG><AUTHOR>Gary C. Kessler</AUTHOR><DESCRIPTION>GEnealogical Data COMmunication (GEDCOM) file</DESCRIPTION></DATACARVER><FTYPE>1003</FTYPE><MAX_SIZE>10000000000000</MAX_SIZE><MIN_SIZE>0</MIN_SIZE></CUSTOMCARVER>
