<?xml version="1.0" encoding="UTF-8"?>
<CUSTOMCARVER><DATACARVER version="0.0.0.0"><ID>77424</ID><TYPE>2</TYPE><NAME>Macintosh encrypted Disk image (v2)</NAME><EXT><EXT_ID>0</EXT_ID><EXT_NAME>DMG</EXT_NAME></EXT><MAIN_SIG><OFFSET>0</OFFSET><NUM_BYTES>8</NUM_BYTES><SIG>656E637263647361</SIG></MAIN_SIG><AUTHOR>Gary C. Kessler</AUTHOR><DESCRIPTION>Macintosh encrypted Disk image (v2)</DESCRIPTION></DATACARVER><FTYPE>1003</FTYPE><MAX_SIZE>10000000000000</MAX_SIZE><MIN_SIZE>0</MIN_SIZE></CUSTOMCARVER>
