<?xml version="1.0" encoding="UTF-8"?>
<CUSTOMCARVER><DATACARVER version="0.0.0.0"><ID>77512</ID><TYPE>2</TYPE><NAME>Microsoft Office document</NAME><EXT><EXT_ID>0</EXT_ID><EXT_NAME>DOC|DOT|PPS|PPT|XLA|XLS|WIZ</EXT_NAME></EXT><MAIN_SIG><OFFSET>0</OFFSET><NUM_BYTES>8</NUM_BYTES><SIG>D0CF11E0A1B11AE1</SIG></MAIN_SIG><AUTHOR>Gary C. Kessler</AUTHOR><DESCRIPTION>Microsoft Office document</DESCRIPTION></DATACARVER><FTYPE>1003</FTYPE><MAX_SIZE>10000000000000</MAX_SIZE><MIN_SIZE>0</MIN_SIZE></CUSTOMCARVER>
