<?xml version="1.0" encoding="UTF-8"?>
<CUSTOMCARVER><DATACARVER version="0.0.0.0"><ID>77137</ID><TYPE>2</TYPE><NAME>MMC Snap-in Control file</NAME><EXT><EXT_ID>0</EXT_ID><EXT_NAME>MSC</EXT_NAME></EXT><MAIN_SIG><OFFSET>0</OFFSET><NUM_BYTES>56</NUM_BYTES><SIG>3C3F786D6C2076657273696F6E3D22312E30223F3E0D0A3C4D4D435F436F6E736F6C6546696C6520436F6E736F6C6556657273696F6E3D22</SIG></MAIN_SIG><AUTHOR>Gary C. Kessler</AUTHOR><DESCRIPTION>MMC Snap-in Control file</DESCRIPTION></DATACARVER><FTYPE>1003</FTYPE><MAX_SIZE>10000000000000</MAX_SIZE><MIN_SIZE>0</MIN_SIZE></CUSTOMCARVER>
