<?xml version="1.0" encoding="UTF-8"?>
<CUSTOMCARVER><DATACARVER version="0.0.0.0"><ID>77033</ID><TYPE>2</TYPE><NAME>Netscape Navigator (v4) database</NAME><EXT><EXT_ID>0</EXT_ID><EXT_NAME>DB</EXT_NAME></EXT><MAIN_SIG><OFFSET>0</OFFSET><NUM_BYTES>16</NUM_BYTES><SIG>0006156100000002000004D200001000</SIG></MAIN_SIG><AUTHOR>Gary C. Kessler</AUTHOR><DESCRIPTION>Netscape Navigator (v4) database</DESCRIPTION></DATACARVER><FTYPE>1003</FTYPE><MAX_SIZE>10000000000000</MAX_SIZE><MIN_SIZE>0</MIN_SIZE></CUSTOMCARVER>
