<?xml version="1.0" encoding="UTF-8"?>
<CUSTOMCARVER><DATACARVER version="0.0.0.0"><ID>77136</ID><TYPE>2</TYPE><NAME>User Interface Language</NAME><EXT><EXT_ID>0</EXT_ID><EXT_NAME>XML</EXT_NAME></EXT><MAIN_SIG><OFFSET>0</OFFSET><NUM_BYTES>21</NUM_BYTES><SIG>3C3F786D6C2076657273696F6E3D22312E30223F3E</SIG></MAIN_SIG><AUTHOR>Gary C. Kessler</AUTHOR><DESCRIPTION>User Interface Language</DESCRIPTION></DATACARVER><FTYPE>1003</FTYPE><MAX_SIZE>10000000000000</MAX_SIZE><MIN_SIZE>0</MIN_SIZE></CUSTOMCARVER>
