<?xml version="1.0" encoding="UTF-8"?>
<CUSTOMCARVER><DATACARVER version="0.0.0.0"><ID>77275</ID><TYPE>2</TYPE><NAME>Windows-DOS executable file</NAME><EXT><EXT_ID>0</EXT_ID><EXT_NAME>COM|DLL|DRV|EXE|PIF|QTS|QTX|SYS</EXT_NAME></EXT><MAIN_SIG><OFFSET>0</OFFSET><NUM_BYTES>2</NUM_BYTES><SIG>4D5A</SIG></MAIN_SIG><AUTHOR>Gary C. Kessler</AUTHOR><DESCRIPTION>Windows-DOS executable file</DESCRIPTION></DATACARVER><FTYPE>1003</FTYPE><MAX_SIZE>10000000000000</MAX_SIZE><MIN_SIZE>0</MIN_SIZE></CUSTOMCARVER>
