<?xml version="1.0" encoding="UTF-8"?>
<CUSTOMCARVER><DATACARVER version="0.0.0.0"><ID>77261</ID><TYPE>2</TYPE><NAME>Yamaha Synthetic music Mobile Application Format</NAME><EXT><EXT_ID>0</EXT_ID><EXT_NAME>MMF</EXT_NAME></EXT><MAIN_SIG><OFFSET>0</OFFSET><NUM_BYTES>6</NUM_BYTES><SIG>4D4D4D440000</SIG></MAIN_SIG><AUTHOR>Gary C. Kessler</AUTHOR><DESCRIPTION>Yamaha Synthetic music Mobile Application Format</DESCRIPTION></DATACARVER><FTYPE>1003</FTYPE><MAX_SIZE>10000000000000</MAX_SIZE><MIN_SIZE>0</MIN_SIZE></CUSTOMCARVER>
