<TrID ver="2.00">
  <Info>
    <FileType>Milestones project management file_1</FileType>
    <Ext>MLS</Ext>
    <User>Gary C. Kessler</User>
    <E-Mail>gck@garykessler.net</E-Mail>
    <Home>https://www.garykessler.net</Home>
  </Info>
  <General>
    <FileNum>273</FileNum>
    <Refine>Gary C. Kessler</Refine>
    <Date>
      <Year>2020</Year>
      <Month>4</Month>
      <Day>24</Day>
    </Date>
    <Time>
      <Hour>14</Hour>
      <Min>57</Min>
      <Sec>51</Sec>
    </Time>
    <Creator>GCK's convert_sigs v4.3</Creator>
  </General>
  <FrontBlock>
    <Pattern>
      <Bytes>4D56323134</Bytes>
      <Pos>0</Pos>
    </Pattern>
  </FrontBlock>
</TrID>
