<TrID ver="2.00">
  <Info>
    <FileType>MMC Snap-in Control file</FileType>
    <Ext>MSC</Ext>
    <User>Gary C. Kessler</User>
    <E-Mail>gck@garykessler.net</E-Mail>
    <Home>https://www.garykessler.net</Home>
  </Info>
  <General>
    <FileNum>137</FileNum>
    <Refine>Gary C. Kessler</Refine>
    <Date>
      <Year>2020</Year>
      <Month>4</Month>
      <Day>24</Day>
    </Date>
    <Time>
      <Hour>14</Hour>
      <Min>57</Min>
      <Sec>51</Sec>
    </Time>
    <Creator>GCK's convert_sigs v4.3</Creator>
  </General>
  <FrontBlock>
    <Pattern>
      <Bytes>3C3F786D6C2076657273696F6E3D22312E30223F3E0D0A3C4D4D435F436F6E736F6C6546696C6520436F6E736F6C6556657273696F6E3D22</Bytes>
      <Pos>0</Pos>
    </Pattern>
  </FrontBlock>
</TrID>
